{"coco/bbox_mAP": 0.223, "coco/bbox_mAP_50": 0.44, "coco/bbox_mAP_75": 0.201, "coco/bbox_mAP_s": 0.108, "coco/bbox_mAP_m": 0.42, "coco/bbox_mAP_l": 0.626, "data_time": 0.3091944997960871, "time": 0.8146052252162587}