{"base_lr": 0.0003931462925851705, "lr": 0.0003931462925851705, "data_time": 0.7245416498184204, "loss": 1.8739747762680055, "loss_cls": 0.36057036742568016, "loss_bbox": 1.5134044075012207, "time": 9.310643448829651, "epoch": 1, "iter": 50, "step": 50}
{"base_lr": 0.0007939078156312635, "lr": 0.0007939078156312635, "data_time": 0.06554872512817383, "loss": 1.518938672542572, "loss_cls": 0.43808882296085355, "loss_bbox": 1.0808498394489288, "time": 10.397944474220276, "epoch": 1, "iter": 100, "step": 100}
{"base_lr": 0.001194669338677356, "lr": 0.001194669338677356, "data_time": 0.024788246154785157, "loss": 1.1722140645980834, "loss_cls": 0.3480822366476059, "loss_bbox": 0.824131829738617, "time": 10.24195743083954, "epoch": 1, "iter": 150, "step": 150}
{"base_lr": 0.001595430861723448, "lr": 0.001595430861723448, "data_time": 0.03317580223083496, "loss": 1.0396959602832794, "loss_cls": 0.3363168042898178, "loss_bbox": 0.7033791553974151, "time": 9.262930712699891, "epoch": 1, "iter": 200, "step": 200}
{"base_lr": 0.0020202380761523073, "lr": 0.0020202380761523073, "data_time": 0.04298415184020996, "loss": 0.9703165876865387, "loss_cls": 0.32375981628894807, "loss_bbox": 0.6465567696094513, "time": 9.702356715202331, "epoch": 2, "iter": 253, "step": 253}
{"base_lr": 0.0024209995991983993, "lr": 0.0024209995991983993, "data_time": 0.04274446487426758, "loss": 0.9430862629413604, "loss_cls": 0.3217257958650589, "loss_bbox": 0.6213604700565338, "time": 10.232351579666137, "epoch": 2, "iter": 303, "step": 303}
{"base_lr": 0.002821761122244493, "lr": 0.002821761122244493, "data_time": 0.027727503776550293, "loss": 0.9027147352695465, "loss_cls": 0.30917243599891664, "loss_bbox": 0.5935422956943512, "time": 10.179972567558288, "epoch": 2, "iter": 353, "step": 353}
{"base_lr": 0.0032225226452905855, "lr": 0.0032225226452905855, "data_time": 0.03755780696868896, "loss": 0.8741733419895172, "loss_cls": 0.2992130905389786, "loss_bbox": 0.5749602508544922, "time": 10.39063313961029, "epoch": 2, "iter": 403, "step": 403}
{"base_lr": 0.003639990576614315, "lr": 0.003639990576614315, "data_time": 0.04390190601348877, "loss": 0.8392414844036102, "loss_cls": 0.28458402574062347, "loss_bbox": 0.5546574586629868, "time": 9.971837248802185, "epoch": 3, "iter": 456, "step": 456}
{"base_lr": 0.003991951061859056, "lr": 0.003991951061859056, "data_time": 0.027196035385131836, "loss": 0.8234281778335572, "loss_cls": 0.28022890508174897, "loss_bbox": 0.5431992709636688, "time": 7.515665860176086, "epoch": 3, "iter": 506, "step": 506}
{"base_lr": 0.003991951061859056, "lr": 0.003991951061859056, "data_time": 0.04918206214904785, "loss": 0.7929027223587036, "loss_cls": 0.2698512932658195, "loss_bbox": 0.5230514270067215, "time": 774.290779080391, "epoch": 3, "iter": 556, "step": 556}
{"base_lr": 0.003991951061859056, "lr": 0.003991951061859056, "data_time": 0.09692770004272461, "loss": 0.781422826051712, "loss_cls": 0.26458892196416856, "loss_bbox": 0.5168339049816132, "time": 40.037724571228026, "epoch": 3, "iter": 606, "step": 606}
{"base_lr": 0.003967867670636537, "lr": 0.003967867670636537, "data_time": 0.17454759120941163, "loss": 0.7977665281295776, "loss_cls": 0.27552181661129, "loss_bbox": 0.5222447139024734, "time": 44.01732681751251, "epoch": 4, "iter": 659, "step": 659}
{"base_lr": 0.003967867670636537, "lr": 0.003967867670636537, "data_time": 0.05376843929290771, "loss": 0.7547076940536499, "loss_cls": 0.25237644016742705, "loss_bbox": 0.5023312586545944, "time": 571.0540315437316, "epoch": 4, "iter": 709, "step": 709}
{"base_lr": 0.003967867670636537, "lr": 0.003967867670636537, "data_time": 0.026215548515319823, "loss": 0.7490084850788117, "loss_cls": 0.25441591143608094, "loss_bbox": 0.49459257662296296, "time": 10.388596291542052, "epoch": 4, "iter": 759, "step": 759}
{"base_lr": 0.003967867670636537, "lr": 0.003967867670636537, "data_time": 0.024592342376708983, "loss": 0.7293494844436645, "loss_cls": 0.24386617213487624, "loss_bbox": 0.48548331499099734, "time": 10.447471480369568, "epoch": 4, "iter": 809, "step": 809}
{"base_lr": 0.003927944193583166, "lr": 0.003927944193583166, "data_time": 0.041972017288208006, "loss": 0.7074224066734314, "loss_cls": 0.23609058409929276, "loss_bbox": 0.4713318210840225, "time": 10.692732439041137, "epoch": 5, "iter": 862, "step": 862}
{"base_lr": 0.003927944193583166, "lr": 0.003927944193583166, "data_time": 0.024093823432922365, "loss": 0.7038407039642334, "loss_cls": 0.231586971282959, "loss_bbox": 0.4722537350654602, "time": 10.061893901824952, "epoch": 5, "iter": 912, "step": 912}
{"base_lr": 0.003927944193583166, "lr": 0.003927944193583166, "data_time": 0.024301414489746095, "loss": 0.6839771592617034, "loss_cls": 0.2229160585999489, "loss_bbox": 0.4610611033439636, "time": 10.337626910209655, "epoch": 5, "iter": 962, "step": 962}
{"base_lr": 0.003927944193583166, "lr": 0.003927944193583166, "data_time": 0.021169009208679198, "loss": 0.6975700867176056, "loss_cls": 0.23122199058532714, "loss_bbox": 0.46634809494018553, "time": 10.280472502708434, "epoch": 5, "iter": 1012, "step": 1012}
{"base_lr": 0.0038725020710615532, "lr": 0.0038725020710615532, "data_time": 0.040331940650939944, "loss": 0.6890557742118836, "loss_cls": 0.22642775923013686, "loss_bbox": 0.4626280152797699, "time": 10.330930399894715, "epoch": 6, "iter": 1065, "step": 1065}
{"base_lr": 0.0038725020710615532, "lr": 0.0038725020710615532, "data_time": 0.02426834583282471, "loss": 0.6809336471557618, "loss_cls": 0.22347195714712143, "loss_bbox": 0.45746169149875643, "time": 10.4654168176651, "epoch": 6, "iter": 1115, "step": 1115}
{"base_lr": 0.0038725020710615532, "lr": 0.0038725020710615532, "data_time": 0.0341600513458252, "loss": 0.6693910729885101, "loss_cls": 0.2172699326276779, "loss_bbox": 0.45212113976478574, "time": 10.416170048713685, "epoch": 6, "iter": 1165, "step": 1165}
{"base_lr": 0.0038725020710615532, "lr": 0.0038725020710615532, "data_time": 0.025239896774291993, "loss": 0.6640683090686799, "loss_cls": 0.21688701331615448, "loss_bbox": 0.44718129336833956, "time": 10.498237614631654, "epoch": 6, "iter": 1215, "step": 1215}
{"base_lr": 0.0038019876904428016, "lr": 0.0038019876904428016, "data_time": 0.04317094802856445, "loss": 0.6654409635066986, "loss_cls": 0.2133729326725006, "loss_bbox": 0.452068036198616, "time": 10.622457928657532, "epoch": 7, "iter": 1268, "step": 1268}
{"base_lr": 0.0038019876904428016, "lr": 0.0038019876904428016, "data_time": 0.026750569343566896, "loss": 0.6566697502136231, "loss_cls": 0.21335002690553664, "loss_bbox": 0.4433197295665741, "time": 10.501879048347472, "epoch": 7, "iter": 1318, "step": 1318}
{"base_lr": 0.0038019876904428016, "lr": 0.0038019876904428016, "data_time": 0.03354967594146729, "loss": 0.6509378755092621, "loss_cls": 0.21053864628076555, "loss_bbox": 0.44039923191070557, "time": 43.61950044155121, "epoch": 7, "iter": 1368, "step": 1368}
{"base_lr": 0.0038019876904428016, "lr": 0.0038019876904428016, "data_time": 0.027286853790283203, "loss": 0.6514791238307953, "loss_cls": 0.20978507310152053, "loss_bbox": 0.44169405281543733, "time": 10.688335728645324, "epoch": 7, "iter": 1418, "step": 1418}
{"base_lr": 0.0037169687920578696, "lr": 0.0037169687920578696, "data_time": 0.05972284317016602, "loss": 0.6380290913581849, "loss_cls": 0.20388464480638505, "loss_bbox": 0.43414444863796237, "time": 10.754065022468566, "epoch": 8, "iter": 1471, "step": 1471}
{"base_lr": 0.0037169687920578696, "lr": 0.0037169687920578696, "data_time": 0.025587334632873535, "loss": 0.648933128118515, "loss_cls": 0.21046245455741883, "loss_bbox": 0.43847067415714264, "time": 10.701198029518128, "epoch": 8, "iter": 1521, "step": 1521}
{"base_lr": 0.0037169687920578696, "lr": 0.0037169687920578696, "data_time": 0.027125868797302246, "loss": 0.6389210593700408, "loss_cls": 0.20944252371788025, "loss_bbox": 0.4294785374403, "time": 10.69142315864563, "epoch": 8, "iter": 1571,